<?xml version="1.0" encoding="UTF-8" standalone="yes"?>
<addon id="repository.dstealth" name="DStealth Repo" version="1.0.0" provider-name="DStealth">
	<extension point="xbmc.addon.repository" name="DStealth Repo">
		<dir>
			<info compressed="false">https://dstealth.com/kodi/.repo/addons.xml</info>
			<checksum>https://dstealth.com/kodi/.repo/addons.xml.md5</checksum>
			<datadir zip="true">https://dstealth.com/kodi/.repo/</datadir>
		</dir>
	</extension>
	<extension point="xbmc.addon.metadata">
		<summary lang="en">DStealth's Repository</summary>
		<description lang="en">A private collection of DStealths work.</description>
		<genre></genre>
		<assets>
			<icon>icon.png</icon>
			<fanart>fanart.jpg</fanart>
		</assets>
	</extension>
</addon>