<?xml version="1.0" encoding="UTF-8" standalone="yes"?>
<addon id="repository.bigmoco" name="Bigmoco's Repository" version="1.0" provider-name="Bigmoco">
    <extension point="xbmc.addon.repository" name="Bigmoco's Repository">
        <dir>
            <info compressed="false">https://raw.githubusercontent.com/Bigmoco/repository.bigmoco/master/repo/zips/addons.xml</info>
            <checksum>https://raw.githubusercontent.com/Bigmoco/repository.bigmoco/master/repo/zips/addons.xml.md5</checksum>
            <datadir zip="true">https://raw.githubusercontent.com/Bigmoco/repository.bigmoco/master/repo/zips/</datadir>
        </dir>
    </extension>
    <extension point="xbmc.addon.metadata">
        <summary>Bigmoco's Repository</summary>
        <description>For my stuff</description>
        <disclaimer></disclaimer>
        <platform>all</platform>
        <assets>
            <icon>icon.png</icon>
            <fanart>fanart.jpg</fanart>
        </assets>
    </extension>
</addon>
